{
	"/": [
		"src/routes/+layout.ts",
		"src/routes/+layout.ts"
	],
	"/exercises": [
		"src/routes/+layout.ts"
	],
	"/login": [
		"src/routes/+layout.ts"
	],
	"/register": [
		"src/routes/+layout.ts"
	],
	"/templates": [
		"src/routes/templates/+page.ts",
		"src/routes/+layout.ts"
	],
	"/workouts": [
		"src/routes/workouts/+page.ts",
		"src/routes/+layout.ts"
	],
	"/workouts/new": [
		"src/routes/workouts/new/+page.ts",
		"src/routes/+layout.ts"
	],
	"/workouts/[id]": [
		"src/routes/workouts/[id]/+page.ts",
		"src/routes/+layout.ts"
	],
	"/workouts/[id]/track": [
		"src/routes/workouts/[id]/track/+page.ts",
		"src/routes/+layout.ts"
	]
}